<?xml version='1.0' encoding='UTF-8'?>
<AudioFileGegevens Versie="1.0.2" TimeStamp="2011-08-30T00:00:00+02:00">
  <OmroepBericht EindMomentGeldigheid="2999-01-01T00:00:00+01:00" OmroeperID="negeren" BerichtID="1199462439" OmroepCategorie="4" Duur="10" IngangsMoment="2011-08-30T00:00:00+02:00">
    <AOFragment OmroepCategorie="4">
      <OmroepBerichtTekst></OmroepBerichtTekst>
      <AudioFragmentCollectie Naam="STAT" Waarde="KPNZ1"></AudioFragmentCollectie>
    </AOFragment>
</OmroepBericht>
</AudioFileGegevens>