<?xml version='1.0' encoding='UTF-8'?>
<AudioFileGegevens Versie="1.0.2" TimeStamp="2015-01-01T00:00:00+01:00">
  <OmroepBericht EindMomentGeldigheid="2999-01-01T00:00:00+01:00" OmroeperID="negeren" BerichtID="1199462439" OmroepCategorie="4" Duur="46" IngangsMoment="2015-01-01T00:00:00+01:00">
    <AOFragment OmroepCategorie="4">
      <OmroepBerichtTekst>de treindienst komt in de loop van de middag weer op gang</OmroepBerichtTekst>
      <AudioFragmentCollectie Naam="TNP" Waarde="TNP8J"></AudioFragmentCollectie>
    </AOFragment>
</OmroepBericht>
</AudioFileGegevens>